<?xml version="1.0" encoding="UTF-8"?>
<project-private xmlns="http://www.netbeans.org/ns/project-private/1">
    <editor-bookmarks xmlns="http://www.netbeans.org/ns/editor-bookmarks/2" lastBookmarkId="0"/>
    <open-files xmlns="http://www.netbeans.org/ns/projectui-open-files/2">
        <group>
            <file>file:/C:/Users/Ishti/Desktop/Dhaka%20Metro%20Rail/Dhaka%20Metro%20Rail/src/mainpkg/MakeUser.java</file>
            <file>file:/C:/Users/Ishti/Desktop/Dhaka%20Metro%20Rail/Dhaka%20Metro%20Rail/src/mainpkg/PassengerController.java</file>
            <file>file:/C:/Users/Ishti/Desktop/Dhaka%20Metro%20Rail/Dhaka%20Metro%20Rail/src/mainpkg/LoginPageController.java</file>
            <file>file:/C:/Users/Ishti/Desktop/Dhaka%20Metro%20Rail/Dhaka%20Metro%20Rail/src/mainpkg/AdministratorController.java</file>
            <file>file:/C:/Users/Ishti/Desktop/Dhaka%20Metro%20Rail/Dhaka%20Metro%20Rail/src/mainpkg/User.java</file>
            <file>file:/C:/Users/Ishti/Desktop/Dhaka%20Metro%20Rail/Dhaka%20Metro%20Rail/src/mainpkg/MainApplication.java</file>
            <file>file:/C:/Users/Ishti/Desktop/Dhaka%20Metro%20Rail/Dhaka%20Metro%20Rail/src/mainpkg/Admin.java</file>
        </group>
    </open-files>
</project-private>
